NodoDa;NodoA;AGV;TotaleConsumoNodo;Cont;MediaConsumoNodo;ConsumoMin;ConsumoMax;
0;5;3;0,88;1931;0,00046;0;0,133;
0;91;6;8,582;1;8,582;8,582;8,582;
0;324;4;1,016;1;1,016;1,016;1,016;
0;490;5;10;1;10;10;10;
0;565;2;1,11;1;1,11;1,11;1,11;
0;568;2;0,265;1;0,265;0,265;0,265;
0;583;4;0,213;1;0,213;0,213;0,213;
5;15;2;0,548;4;0,137;0;0,448;
5;15;4;0,244;9;0,02711;0;0,078;
6;16;4;7,788;30;0,2596;0;7,648;
6;16;6;0,715;3;0,23833;0,001;0,634;
8;18;2;0,542;7;0,07743;0;0,308;
11;111;4;0,022;2;0,011;0,011;0,011;
15;5;2;0,011;1;0,011;0,011;0,011;
15;5;4;0,051;3;0,017;0,012;0,02;
15;115;2;3,812;2;1,906;0,21;3,602;
15;115;4;0,606;5;0,1212;0,065;0,193;
16;6;4;0,011;1;0,011;0,011;0,011;
16;6;6;0,011;1;0,011;0,011;0,011;
16;116;4;0,202;2;0,101;0,054;0,148;
16;116;6;0,079;2;0,0395;0,011;0,068;
18;8;2;1,624;2;0,812;0,019;1,605;
18;118;2;0,553;7;0,079;-0,004;0,276;
18;118;4;0,316;1;0,316;0,316;0,316;
25;24;1;0;1;0;0;0;
50;16;4;0,019;1;0,019;0,019;0,019;
50;16;6;0,046;2;0,023;0,023;0,023;
51;15;2;0,024;1;0,024;0,024;0,024;
51;15;4;0,088;3;0,02933;0,027;0,031;
51;50;4;0,018;1;0,018;0,018;0,018;
51;50;6;0,045;2;0,0225;0,022;0,023;
52;51;2;0,015;1;0,015;0,015;0,015;
52;51;4;0,056;4;0,014;0,013;0,015;
52;51;6;0,029;2;0,0145;0,014;0,015;
53;52;2;0,021;1;0,021;0,021;0,021;
53;52;4;0,08;4;0,02;0,018;0,021;
53;52;6;0,045;2;0,0225;0,021;0,024;
54;53;2;0,009;1;0,009;0,009;0,009;
54;53;4;0,032;4;0,008;0,007;0,009;
54;53;6;0,014;2;0,007;0,004;0,01;
55;54;2;0,006;1;0,006;0,006;0,006;
55;54;4;0,023;4;0,00575;0,005;0,006;
55;54;6;0,013;2;0,0065;0,006;0,007;
56;11;4;0,022;2;0,011;0,009;0,013;
56;55;2;0,004;1;0,004;0,004;0,004;
56;55;4;0,01;3;0,00333;0,003;0,004;
57;56;2;0,013;1;0,013;0,013;0,013;
57;56;4;0,058;6;0,00967;0,005;0,012;
57;56;6;0,021;2;0,0105;0,01;0,011;
58;57;2;1,383;1;1,383;1,383;1,383;
58;57;4;0,142;6;0,02367;0,005;0,107;
58;57;6;0,014;2;0,007;0,007;0,007;
59;58;2;0,006;1;0,006;0,006;0,006;
59;58;4;0,051;6;0,0085;0,003;0,013;
59;58;6;0,024;2;0,012;0,012;0,012;
59;104;4;0,218;2;0,109;0,01;0,208;
59;104;5;0,07;1;0,07;0,07;0,07;
59;104;6;0,032;2;0,016;0,011;0,021;
60;59;2;0,01;1;0,01;0,01;0,01;
60;59;4;0,065;4;0,01625;0,009;0,031;
60;59;5;0,015;1;0,015;0,015;0,015;
60;59;6;0,029;2;0,0145;0,014;0,015;
61;60;2;0,012;1;0,012;0,012;0,012;
61;60;4;0,042;4;0,0105;0,01;0,011;
61;60;5;0,011;1;0,011;0,011;0,011;
61;60;6;0,027;2;0,0135;0,012;0,015;
62;61;2;0,113;5;0,0226;0,004;0,079;
62;61;4;0,02;4;0,005;0,003;0,006;
62;61;5;0,007;1;0,007;0,007;0,007;
62;61;6;0,003;1;0,003;0,003;0,003;
63;62;4;0,023;4;0,00575;0,005;0,007;
63;62;5;0,005;1;0,005;0,005;0,005;
63;62;6;0,015;2;0,0075;0,007;0,008;
64;63;4;0,034;4;0,0085;0,007;0,01;
64;63;5;0,009;1;0,009;0,009;0,009;
64;63;6;0,018;2;0,009;0,009;0,009;
65;18;2;0,064;2;0,032;0,01;0,054;
65;62;2;0,015;1;0,015;0,015;0,015;
65;64;4;0,017;4;0,00425;0,003;0,005;
65;64;6;0,01;2;0,005;0,005;0,005;
66;65;2;0,091;3;0,03033;0,022;0,044;
66;65;4;0,077;4;0,01925;0,017;0,022;
66;65;5;0,023;1;0,023;0,023;0,023;
66;65;6;0,058;2;0,029;0,017;0,041;
67;66;2;0,041;3;0,01367;0,011;0,018;
67;66;4;0,063;4;0,01575;0,011;0,021;
67;66;5;0,012;1;0,012;0,012;0,012;
67;66;6;0,024;2;0,012;0,012;0,012;
68;67;2;0,054;3;0,018;0,016;0,021;
68;67;4;0,076;4;0,019;0,017;0,021;
68;67;5;0,433;1;0,433;0,433;0,433;
68;67;6;0,048;2;0,024;0,023;0,025;
68;69;2;0,012;1;0,012;0,012;0,012;
68;69;4;0,01;1;0,01;0,01;0,01;
69;70;2;0,013;1;0,013;0,013;0,013;
69;70;4;0,011;1;0,011;0,011;0,011;
70;71;2;0,012;1;0,012;0,012;0,012;
70;71;4;0,012;1;0,012;0,012;0,012;
71;74;2;0,022;1;0,022;0,022;0,022;
71;74;4;0,024;1;0,024;0,024;0,024;
74;92;2;0,012;1;0,012;0,012;0,012;
74;92;4;0,011;1;0,011;0,011;0,011;
75;68;2;0,056;4;0,014;0,013;0,015;
75;68;4;0,062;5;0,0124;0,012;0,013;
75;68;5;0,015;1;0,015;0,015;0,015;
75;68;6;0,021;2;0,0105;0,009;0,012;
75;119;2;0,035;2;0,0175;0,017;0,018;
75;119;4;0,09;6;0,015;0,011;0,02;
75;119;6;0,017;1;0,017;0,017;0,017;
76;75;2;0,047;2;0,0235;0,023;0,024;
76;75;4;0,137;6;0,02283;0,02;0,027;
76;75;6;0,024;1;0,024;0,024;0,024;
77;76;2;0,011;2;0,0055;0,002;0,009;
77;76;4;0,018;6;0,003;0,002;0,006;
77;76;6;0,004;1;0,004;0,004;0,004;
78;77;2;0,031;2;0,0155;0,013;0,018;
78;77;4;0,037;6;0,00617;0,004;0,011;
78;77;6;0,006;1;0,006;0,006;0,006;
79;78;4;0,021;5;0,0042;0,002;0,005;
79;78;6;0,004;1;0,004;0,004;0,004;
80;79;4;0,016;5;0,0032;0,003;0,004;
80;79;6;0,004;1;0,004;0,004;0,004;
81;80;2;0,01;1;0,01;0,01;0,01;
81;80;4;0,044;5;0,0088;0,008;0,01;
81;80;6;0,01;1;0,01;0,01;0,01;
82;81;2;0,01;1;0,01;0,01;0,01;
82;81;4;0,043;5;0,0086;0,007;0,01;
82;81;6;0,01;1;0,01;0,01;0,01;
83;82;2;0,005;1;0,005;0,005;0,005;
83;82;4;0,029;5;0,0058;0,005;0,006;
83;82;6;0,006;1;0,006;0,006;0,006;
84;83;2;0,005;1;0,005;0,005;0,005;
84;83;4;0,02;5;0,004;0,002;0,006;
84;83;6;0,005;1;0,005;0,005;0,005;
84;103;4;0,018;2;0,009;0,008;0,01;
84;103;6;0,009;1;0,009;0,009;0,009;
85;84;2;0,009;1;0,009;0,009;0,009;
85;84;4;0,063;7;0,009;0,008;0,01;
85;84;6;0,024;2;0,012;0,01;0,014;
86;85;2;0,005;1;0,005;0,005;0,005;
86;85;4;0,029;6;0,00483;0,002;0,007;
86;85;6;0,008;2;0,004;0,004;0,004;
87;86;2;0,007;1;0,007;0,007;0,007;
87;86;4;0,113;7;0,01614;0,005;0,039;
87;86;6;0,012;2;0,006;0,006;0,006;
88;87;2;0,017;1;0,017;0,017;0,017;
88;87;4;0,037;5;0,0074;0,006;0,008;
88;87;6;0,019;2;0,0095;0,009;0,01;
89;88;2;0,01;1;0,01;0,01;0,01;
89;88;4;0,09;5;0,018;0,015;0,022;
89;88;6;0,04;2;0,02;0,019;0,021;
90;89;2;0,015;1;0,015;0,015;0,015;
90;89;4;0,071;5;0,0142;0,013;0,017;
90;89;6;0,03;2;0,015;0,014;0,016;
91;0;3;6,588;16;0,41175;0;6,584;
91;0;6;0,054;2;0,027;0,027;0,027;
91;18;4;7,886;21;0,37552;0;7,087;
91;94;6;-6,365;23;-0,27674;-6,926;0,551;
91;104;4;0,4;3;0,13333;0,083;0,212;
91;104;6;0,146;1;0,146;0,146;0,146;
91;298;5;68,788;22;3,12673;0;34,881;
92;0;2;0,229;1;0,229;0,229;0,229;
92;0;4;0,155;12;0,01292;0;0,104;
94;0;6;12,948;17;0,76165;0;7,18;
94;446;4;9,137;22;0,41532;0;9,118;
95;157;4;0,45;1;0,45;0,45;0,45;
95;302;5;17,007;3;5,669;0;16,949;
95;341;5;7,855;30;0,26183;0;6,807;
100;90;2;0,024;1;0,024;0,024;0,024;
100;90;4;0,104;5;0,0208;0,017;0,025;
100;90;6;0,043;2;0,0215;0,021;0,022;
101;100;2;0,021;1;0,021;0,021;0,021;
101;100;4;0,072;5;0,0144;0,006;0,022;
101;100;6;0,03;2;0,015;0,012;0,018;
102;101;4;0,029;2;0,0145;0,011;0,018;
102;101;6;0,031;2;0,0155;0,012;0,019;
103;84;4;2,249;1;2,249;2,249;2,249;
103;104;4;0,025;2;0,0125;0,012;0,013;
103;104;6;0,012;1;0,012;0,012;0,012;
104;59;4;0,489;3;0,163;0,029;0,337;
104;59;6;0,084;2;0,042;0,041;0,043;
104;91;4;0,049;4;0,01225;0,01;0,014;
104;91;5;0,011;1;0,011;0,011;0,011;
104;91;6;0,04;3;0,01333;0,012;0,016;
111;87;4;0,042;2;0,021;0,021;0,021;
115;5;2;0,029;1;0,029;0,029;0,029;
115;15;4;0,056;2;0,028;0,026;0,03;
115;101;2;0,019;1;0,019;0,019;0,019;
115;101;4;0,053;3;0,01767;0,014;0,02;
116;102;4;0,032;2;0,016;0,015;0,017;
116;102;6;0,074;2;0,037;0,022;0,052;
118;8;2;0,052;2;0,026;0,024;0,028;
118;18;2;0,167;6;0,02783;0,022;0,038;
118;78;2;0,018;1;0,018;0,018;0,018;
118;78;4;0,072;1;0,072;0,072;0,072;
118;1001;2;0,036;1;0,036;0,036;0,036;
119;75;2;0,07;4;0,0175;0,017;0,019;
119;75;4;0,077;5;0,0154;0,014;0,017;
119;75;5;0,017;1;0,017;0,017;0,017;
119;75;6;0,035;2;0,0175;0,017;0,018;
119;122;2;0,031;2;0,0155;0,015;0,016;
119;122;4;0,078;6;0,013;0,01;0,016;
119;122;6;0,017;1;0,017;0,017;0,017;
122;119;2;0,078;4;0,0195;0,018;0,022;
122;119;4;0,103;5;0,0206;0,018;0,024;
122;119;5;0,019;1;0,019;0,019;0,019;
122;119;6;0,038;2;0,019;0,019;0,019;
122;123;2;0,034;2;0,017;0,016;0,018;
122;123;4;0,088;6;0,01467;0,014;0,016;
122;123;6;0,016;1;0,016;0,016;0,016;
123;122;2;0,05;4;0,0125;0,01;0,017;
123;122;4;0,07;5;0,014;0,011;0,019;
123;122;5;0,011;1;0,011;0,011;0,011;
123;122;6;0,022;2;0,011;0,01;0,012;
123;124;2;0,022;2;0,011;0,01;0,012;
123;124;4;0,058;6;0,00967;0,007;0,013;
123;124;6;0,011;1;0,011;0,011;0,011;
124;320;2;0,041;2;0,0205;0,02;0,021;
124;320;4;0,136;6;0,02267;0,019;0,029;
124;320;6;0,02;1;0,02;0,02;0,02;
152;123;2;0,164;4;0,041;0,036;0,044;
152;123;4;0,209;5;0,0418;0,034;0,058;
152;123;5;0,324;1;0,324;0,324;0,324;
152;123;6;0,085;2;0,0425;0,041;0,044;
153;152;2;0,007;2;0,0035;0,002;0,005;
153;152;4;0,116;5;0,0232;0,002;0,068;
153;152;6;0,003;2;0,0015;0,001;0,002;
153;321;4;0,047;1;0,047;0,047;0,047;
154;153;2;0,052;4;0,013;0,011;0,017;
154;153;4;0,037;3;0,01233;0,008;0,016;
154;153;6;0,023;2;0,0115;0,011;0,012;
154;503;2;0,039;3;0,013;0,012;0,014;
154;503;4;0,058;4;0,0145;0,014;0,015;
154;503;5;0,157;2;0,0785;0,016;0,141;
154;503;6;0,018;1;0,018;0,018;0,018;
155;154;2;0,045;5;0,009;0,008;0,011;
155;154;4;0,068;6;0,01133;0,005;0,026;
155;154;5;0,013;1;0,013;0,013;0,013;
155;154;6;0,01;1;0,01;0,01;0,01;
156;0;4;1,337;2;0,6685;0,046;1,291;
156;0;5;-9,22;1;-9,22;-9,22;-9,22;
156;103;4;2,334;1;2,334;2,334;2,334;
156;152;5;0,027;1;0,027;0,027;0,027;
156;153;4;0,022;1;0,022;0,022;0,022;
156;155;2;0,051;5;0,0102;0,009;0,012;
156;155;4;4,068;6;0,678;0,008;3,782;
156;155;5;0,01;1;0,01;0,01;0,01;
156;155;6;0,01;1;0,01;0,01;0,01;
156;157;4;-16,347;2;-8,1735;-16,37;0,023;
156;157;5;0,134;2;0,067;0,027;0,107;
156;158;4;-1,769;12;-0,14742;-2,052;0,051;
156;158;5;0,025;1;0,025;0,025;0,025;
156;159;4;0,025;1;0,025;0,025;0,025;
156;163;5;0,026;1;0,026;0,026;0,026;
156;323;4;0,144;1;0,144;0,144;0,144;
156;325;2;0,094;1;0,094;0,094;0,094;
156;325;4;2,816;9;0,31289;0,022;1,702;
156;325;5;0,861;8;0,10763;0,025;0,285;
156;326;4;0,022;1;0,022;0,022;0,022;
156;332;5;0,058;1;0,058;0,058;0,058;
156;338;5;0,332;2;0,166;0,056;0,276;
156;345;5;2,88;1;2,88;2,88;2,88;
156;430;5;0,032;1;0,032;0,032;0,032;
156;432;5;0,025;1;0,025;0,025;0,025;
156;1569;5;0,217;1;0,217;0,217;0,217;
157;156;2;0,109;6;0,01817;0,015;0,02;
157;156;4;0,743;32;0,02322;0,013;0,123;
157;156;5;-0,129;22;-0,00586;-0,558;0,044;
157;156;6;0,018;1;0,018;0,018;0,018;
158;157;2;0,121;6;0,02017;0,008;0,056;
158;157;4;-0,977;29;-0,03369;-3,558;1,126;
158;157;5;0,941;20;0,04705;0,01;0,458;
158;157;6;0,01;1;0,01;0,01;0,01;
159;158;2;0,038;4;0,0095;0,009;0,011;
159;158;4;0,206;7;0,02943;0,008;0,104;
159;158;5;0,083;8;0,01038;0,009;0,012;
159;158;6;0,009;1;0,009;0,009;0,009;
160;159;2;0,038;4;0,0095;0,009;0,01;
160;159;4;0,033;4;0,00825;0,008;0,009;
160;159;5;0,102;8;0,01275;0,009;0,026;
160;159;6;0,011;1;0,011;0,011;0,011;
161;160;2;0,067;4;0,01675;0,015;0,019;
161;160;4;0,059;4;0,01475;0,013;0,016;
161;160;5;0,144;8;0,018;0,016;0,022;
161;160;6;0,014;1;0,014;0,014;0,014;
162;161;2;0,038;4;0,0095;0,009;0,01;
162;161;4;0,033;4;0,00825;0,007;0,01;
162;161;5;0,444;8;0,0555;0,009;0,365;
162;161;6;0,008;1;0,008;0,008;0,008;
163;162;2;0,031;4;0,00775;0,006;0,01;
163;162;4;0,026;4;0,0065;0,005;0,008;
163;162;5;-35,968;8;-4,496;-36,008;0,007;
163;162;6;0,008;1;0,008;0,008;0,008;
164;163;2;0,095;4;0,02375;0,019;0,031;
164;163;4;0,028;4;0,007;0,002;0,012;
164;163;5;0,026;6;0,00433;0,003;0,007;
164;163;6;0,011;1;0,011;0,011;0,011;
164;331;5;0,008;1;0,008;0,008;0,008;
165;163;5;0,012;1;0,012;0,012;0,012;
165;164;4;0,017;2;0,0085;0,008;0,009;
165;164;5;0,099;7;0,01414;0,009;0,031;
166;165;4;0,031;2;0,0155;0,015;0,016;
166;165;5;0,148;7;0,02114;0,018;0,034;
167;166;4;0,018;2;0,009;0,009;0,009;
167;166;5;0,074;7;0,01057;0,009;0,013;
168;167;4;0,027;2;0,0135;0,013;0,014;
168;167;5;0,119;7;0,017;0,015;0,021;
169;168;4;0,003;1;0,003;0,003;0,003;
169;168;5;0,016;5;0,0032;0,001;0,005;
170;168;5;0,012;1;0,012;0,012;0,012;
170;169;4;0,034;2;0,017;0,01;0,024;
170;169;5;0,1;6;0,01667;0,009;0,03;
171;170;4;4,654;2;2,327;0,015;4,639;
171;170;5;3,696;7;0,528;0,012;3,156;
172;171;4;0,012;1;0,012;0,012;0,012;
172;171;5;0,013;3;0,00433;0,003;0,006;
173;172;5;0,025;3;0,00833;0,007;0,009;
174;173;5;0,024;2;0,012;0,012;0,012;
174;341;4;0,005;1;0,005;0,005;0,005;
175;174;4;0,012;1;0,012;0,012;0,012;
175;174;5;0,011;1;0,011;0,011;0,011;
176;175;4;0,009;1;0,009;0,009;0,009;
176;175;5;0,007;1;0,007;0,007;0,007;
177;176;4;0,011;1;0,011;0,011;0,011;
177;176;5;0,01;1;0,01;0,01;0,01;
178;177;4;0,034;1;0,034;0,034;0,034;
178;177;5;0,027;1;0,027;0,027;0,027;
294;452;4;0,013;1;0,013;0,013;0,013;
294;453;4;0,017;1;0,017;0,017;0,017;
295;294;4;0,006;1;0,006;0,006;0,006;
296;295;4;0,009;1;0,009;0,009;0,009;
298;297;4;0,011;1;0,011;0,011;0,011;
298;448;5;12,297;105;0,11711;0;10,126;
299;298;5;0,007;1;0,007;0,007;0,007;
300;299;4;0,015;1;0,015;0,015;0,015;
300;299;5;0,016;1;0,016;0,016;0,016;
301;300;4;0,01;1;0,01;0,01;0,01;
301;300;5;0,01;1;0,01;0,01;0,01;
301;427;5;0,034;1;0,034;0,034;0,034;
301;445;5;0,018;1;0,018;0,018;0,018;
302;301;4;0,003;1;0,003;0,003;0,003;
302;301;5;0,004;1;0,004;0,004;0,004;
303;302;4;0,013;1;0,013;0,013;0,013;
303;302;5;0,035;2;0,0175;0,015;0,02;
304;303;4;0,008;1;0,008;0,008;0,008;
304;303;5;0,021;2;0,0105;0,009;0,012;
305;304;4;0,018;1;0,018;0,018;0,018;
305;304;5;0,036;2;0,018;0,017;0,019;
306;305;4;0,006;1;0,006;0,006;0,006;
306;305;5;0,023;2;0,0115;0,008;0,015;
307;306;4;0,004;1;0,004;0,004;0,004;
307;306;5;0,007;1;0,007;0,007;0,007;
308;307;4;0,006;1;0,006;0,006;0,006;
308;307;5;0,07;2;0,035;0,008;0,062;
308;438;2;0,011;1;0,011;0,011;0,011;
308;438;5;0,015;1;0,015;0,015;0,015;
309;308;2;0,011;1;0,011;0,011;0,011;
309;308;4;0,008;1;0,008;0,008;0,008;
309;308;5;2,41;2;1,205;0,011;2,399;
310;309;2;0,015;1;0,015;0,015;0,015;
310;309;4;0,015;1;0,015;0,015;0,015;
310;309;5;0,019;1;0,019;0,019;0,019;
311;310;2;0,008;1;0,008;0,008;0,008;
311;310;4;0,01;1;0,01;0,01;0,01;
311;310;5;0,011;1;0,011;0,011;0,011;
312;311;2;0,008;1;0,008;0,008;0,008;
312;311;4;0,007;1;0,007;0,007;0,007;
312;311;5;0,011;1;0,011;0,011;0,011;
313;312;2;0,01;1;0,01;0,01;0,01;
313;312;4;0,008;1;0,008;0,008;0,008;
313;312;5;0,011;1;0,011;0,011;0,011;
313;433;4;0,309;1;0,309;0,309;0,309;
314;313;2;0,015;1;0,015;0,015;0,015;
314;313;4;0,029;2;0,0145;0,014;0,015;
314;313;5;0,017;1;0,017;0,017;0,017;
314;432;2;1,853;1;1,853;1,853;1,853;
314;432;4;0,042;1;0,042;0,042;0,042;
315;314;2;0,017;2;0,0085;0,008;0,009;
315;314;4;0,03;3;0,01;0,009;0,011;
315;314;5;0,011;1;0,011;0,011;0,011;
316;315;2;0,019;2;0,0095;0,008;0,011;
316;315;4;0,029;3;0,00967;0,009;0,011;
316;315;5;0,291;1;0,291;0,291;0,291;
316;320;4;0,022;1;0,022;0,022;0,022;
316;323;4;0,018;1;0,018;0,018;0,018;
317;316;2;0,023;2;0,0115;0,011;0,012;
317;316;4;0,029;4;0,00725;0,005;0,009;
318;317;2;0,03;2;0,015;0,012;0,018;
318;317;4;0,012;1;0,012;0,012;0,012;
318;428;2;0,013;2;0,0065;0,005;0,008;
318;428;4;0,023;4;0,00575;0,005;0,008;
318;428;6;0,005;1;0,005;0,005;0,005;
319;317;4;0,04;1;0,04;0,04;0,04;
319;318;2;0,087;2;0,0435;0,041;0,046;
319;318;4;0,197;6;0,03283;0,011;0,042;
319;318;6;0,049;1;0,049;0,049;0,049;
319;427;4;0,049;1;0,049;0,049;0,049;
320;319;2;0,058;2;0,029;0,017;0,041;
320;319;4;0,386;7;0,05514;0,012;0,172;
320;319;6;0,019;1;0,019;0,019;0,019;
321;153;4;0,024;1;0,024;0,024;0,024;
321;325;5;0,059;1;0,059;0,059;0,059;
321;427;4;0,016;1;0,016;0,016;0,016;
321;427;5;0,204;131;0,00156;0;0,164;
321;1501;4;0,11;2;0,055;0,018;0,092;
321;1727;5;0,037;1;0,037;0,037;0,037;
323;156;4;0,885;2;0,4425;0,082;0,803;
323;430;4;0,071;1;0,071;0,071;0,071;
325;158;2;0,159;2;0,0795;0,02;0,139;
325;158;4;4,052;9;0,45022;0,02;2,354;
325;158;5;14,255;121;0,11781;0;9,004;
325;321;5;0,03;1;0,03;0,03;0,03;
326;159;4;0,508;2;0,254;0,019;0,489;
331;164;2;0,091;4;0,02275;0,016;0,036;
331;164;4;0,032;2;0,016;0,015;0,017;
331;164;6;0,326;1;0,326;0,326;0,326;
331;438;5;0,034;1;0,034;0,034;0,034;
332;165;5;0,23;1;0,23;0,23;0,23;
338;171;5;13,155;83;0,15849;0;11,121;
339;172;4;0,187;1;0,187;0,187;0,187;
341;174;5;0,176;2;0,088;0,079;0,097;
341;448;4;0,013;1;0,013;0,013;0,013;
345;178;4;0,018;1;0,018;0,018;0,018;
345;178;5;0,312;1;0,312;0,312;0,312;
427;319;4;0,018;1;0,018;0,018;0,018;
427;321;4;0,02;1;0,02;0,02;0,02;
427;321;5;0,47;11;0,04273;0;0,193;
428;318;2;0,045;2;0,0225;0,021;0,024;
428;318;4;0,022;1;0,022;0,022;0,022;
428;503;2;0,038;2;0,019;0,018;0,02;
428;503;4;0,016;1;0,016;0,016;0,016;
428;503;6;0,04;2;0,02;0,017;0,023;
428;565;2;0,149;5;0,0298;0,017;0,046;
428;565;4;0,346;8;0,04325;0,011;0,206;
428;565;5;0,053;2;0,0265;0,025;0,028;
428;565;6;0,156;2;0,078;0,018;0,138;
430;316;4;0,041;1;0,041;0,041;0,041;
430;316;5;1,355;1;1,355;1,355;1,355;
432;325;2;0,012;1;0,012;0,012;0,012;
432;325;4;0,011;1;0,011;0,011;0,011;
432;325;5;0,059;1;0,059;0,059;0,059;
433;326;4;0,013;1;0,013;0,013;0,013;
438;308;5;0,021;1;0,021;0,021;0,021;
438;331;2;0,066;4;0,0165;0,013;0,021;
438;331;4;0,034;2;0,017;0,015;0,019;
438;587;2;0,325;1;0,325;0,325;0,325;
438;587;5;0,048;2;0,024;0,012;0,036;
445;338;5;0,038;1;0,038;0,038;0,038;
446;339;4;0,192;1;0,192;0,192;0,192;
448;95;4;0,376;1;0,376;0,376;0,376;
448;95;5;0,024;2;0,012;0,012;0,012;
452;345;4;0,012;1;0,012;0,012;0,012;
453;294;4;0,023;1;0,023;0,023;0,023;
453;540;4;0,011;1;0,011;0,011;0,011;
503;154;2;0,028;2;0,014;0,012;0,016;
503;154;4;0,017;1;0,017;0,017;0,017;
503;154;6;0,038;2;0,019;0,018;0,02;
503;428;2;0,042;3;0,014;0,012;0,015;
503;428;4;0,093;4;0,02325;0,012;0,05;
503;428;5;0,033;2;0,0165;0,016;0,017;
503;428;6;0,014;1;0,014;0,014;0,014;
540;453;4;0,013;1;0,013;0,013;0,013;
540;541;4;0,021;1;0,021;0,021;0,021;
541;540;4;0,012;1;0,012;0,012;0,012;
541;1280;4;0,021;1;0,021;0,021;0,021;
565;0;2;0,021;1;0,021;0,021;0,021;
565;6;4;0,034;1;0,034;0,034;0,034;
565;59;4;0,191;1;0,191;0,191;0,191;
565;154;5;0,446;1;0,446;0,446;0,446;
565;171;4;0,026;1;0,026;0,026;0,026;
565;323;4;0,032;1;0,032;0,032;0,032;
565;325;5;0,042;1;0,042;0,042;0,042;
565;428;2;0,55;8;0,06875;0;0,489;
565;428;4;0,016;2;0,008;0,007;0,009;
565;428;6;0,011;2;0,0055;0,005;0,006;
565;566;2;4,349;15;0,28993;0,016;2,883;
565;566;4;40,339;57;0,7077;0,015;17,676;
565;566;6;0,024;1;0,024;0,024;0,024;
565;569;2;0,08;2;0,04;0,024;0,056;
565;569;4;0,023;1;0,023;0,023;0,023;
565;570;5;0,031;1;0,031;0,031;0,031;
565;571;2;0,033;1;0,033;0,033;0,033;
565;574;2;0;8;0;0;0;
565;575;4;0,026;1;0,026;0,026;0,026;
565;1110;6;-1,505;1;-1,505;-1,505;-1,505;
566;565;2;0,165;18;0,00917;0,006;0,012;
566;565;4;2,631;57;0,04616;0,006;1,519;
566;565;5;0,01;1;0,01;0,01;0,01;
566;565;6;0,018;2;0,009;0,008;0,01;
566;567;2;0,24;16;0,015;0,008;0,06;
566;567;4;0,562;55;0,01022;0,008;0,021;
566;567;6;0,01;1;0,01;0,01;0,01;
567;566;2;0,166;18;0,00922;0,006;0,015;
567;566;4;0,407;54;0,00754;0,006;0,012;
567;566;5;0,01;1;0,01;0,01;0,01;
567;566;6;0,018;2;0,009;0,009;0,009;
567;568;2;0,156;16;0,00975;0,007;0,012;
567;568;4;0,509;55;0,00925;0,006;0,011;
567;568;6;0,012;1;0,012;0,012;0,012;
568;567;2;0,155;17;0,00912;0,006;0,013;
568;567;4;0,427;52;0,00821;0,005;0,012;
568;567;5;0,009;1;0,009;0,009;0,009;
568;567;6;0,02;2;0,01;0,01;0,01;
568;569;2;0,267;21;0,01271;0,006;0,02;
568;569;4;1,675;55;0,03045;0,008;1,15;
568;569;6;0,011;1;0,011;0,011;0,011;
568;591;2;0,077;5;0,0154;0,014;0,017;
568;591;4;0,015;1;0,015;0,015;0,015;
569;566;4;0,004;1;0,004;0,004;0,004;
569;568;2;0,609;25;0,02436;0;0,39;
569;568;4;0,552;54;0,01022;0,006;0,107;
569;568;5;0,014;1;0,014;0,014;0,014;
569;568;6;0,032;2;0,016;0,011;0,021;
569;570;2;0,558;23;0,02426;0,009;0,139;
569;570;4;0,502;54;0,0093;0,006;0,012;
569;570;6;0,011;1;0,011;0,011;0,011;
569;590;2;0,107;7;0,01529;0,013;0,019;
570;569;2;0,615;24;0,02563;0,007;0,381;
570;569;4;0,453;54;0,00839;0,006;0,018;
570;569;5;0,012;1;0,012;0,012;0,012;
570;569;6;0,012;2;0,006;0,004;0,008;
570;571;2;0,219;19;0,01153;0,005;0,028;
570;571;4;0,503;53;0,00949;0,004;0,028;
570;571;6;0,02;1;0,02;0,02;0,02;
570;574;2;0,024;1;0,024;0,024;0,024;
570;589;2;0,132;4;0,033;0,011;0,09;
570;589;4;0,064;4;0,016;0,015;0,017;
570;589;5;-8,962;1;-8,962;-8,962;-8,962;
570;589;6;0,016;1;0,016;0,016;0,016;
571;570;2;0,324;18;0,018;0,012;0,022;
571;570;4;0,862;52;0,01658;0,014;0,023;
571;570;6;0,02;1;0,02;0,02;0,02;
571;572;2;0,562;22;0,02555;0,009;0,129;
571;572;4;0,492;53;0,00928;0,004;0,013;
571;572;6;0,031;1;0,031;0,031;0,031;
571;588;2;0,049;3;0,01633;0,014;0,018;
572;570;2;0,13;2;0,065;0,032;0,098;
572;571;2;1,427;20;0,07135;0,01;0,481;
572;571;4;-0,396;52;-0,00762;-37,415;27,99;
572;571;6;0,012;1;0,012;0,012;0,012;
572;573;2;0,224;8;0,028;0,023;0,034;
572;573;4;0,87;4;0,2175;0,025;0,789;
572;573;6;0,055;1;0,055;0,055;0,055;
573;572;2;0,342;8;0,04275;0,022;0,172;
573;572;4;0,182;3;0,06067;0,021;0,139;
573;572;6;0,032;1;0,032;0,032;0,032;
573;574;2;0,14;8;0,0175;0,01;0,053;
573;574;4;0,059;4;0,01475;0,011;0,019;
573;574;6;0,019;1;0,019;0,019;0,019;
573;575;2;0,081;1;0,081;0,081;0,081;
574;573;2;0,081;8;0,01013;0,006;0,029;
574;573;4;0,025;3;0,00833;0,007;0,011;
574;573;6;0,008;1;0,008;0,008;0,008;
574;575;2;0,333;8;0,04163;0,023;0,144;
574;575;4;0,37;4;0,0925;0,023;0,298;
574;575;6;0,061;1;0,061;0,061;0,061;
575;574;2;0,732;142;0,00515;0;0,18;
575;574;4;27,587;3;9,19567;0,06;27,44;
575;574;6;0,075;1;0,075;0,075;0,075;
575;576;2;-6,864;8;-0,858;-7,342;0,254;
575;576;4;0,121;4;0,03025;0,009;0,082;
575;576;6;0,021;1;0,021;0,021;0,021;
576;575;2;7,258;19;0,382;0;6,839;
576;575;4;0,214;6;0,03567;0;0,083;
576;575;6;0,192;3;0,064;0;0,17;
576;577;2;0,527;12;0,04392;0,001;0,153;
576;577;4;0,144;6;0,024;0;0,048;
576;577;5;0,114;1;0,114;0,114;0,114;
577;576;5;0,014;1;0,014;0,014;0,014;
577;578;2;0,606;4;0,1515;0,045;0,454;
577;578;4;0,088;2;0,044;0,044;0,044;
577;578;5;0,519;1;0,519;0,519;0,519;
578;577;5;0,126;1;0,126;0,126;0,126;
578;579;2;0,886;6;0,14767;0,01;0,563;
578;579;4;0,021;2;0,0105;0,01;0,011;
578;579;5;0,058;1;0,058;0,058;0,058;
579;578;2;0,074;2;0,037;0,032;0,042;
579;578;5;0,19;1;0,19;0,19;0,19;
579;580;2;0,219;5;0,0438;0,023;0,126;
579;580;4;0,044;2;0,022;0,022;0,022;
579;580;5;1,947;2;0,9735;0,065;1,882;
580;309;5;0,028;1;0,028;0,028;0,028;
580;579;5;0,048;2;0,024;0,024;0,024;
580;581;2;0,388;7;0,05543;0,016;0,241;
580;581;4;0,037;2;0,0185;0,018;0,019;
580;581;5;0,012;1;0,012;0,012;0,012;
581;579;2;0,032;1;0,032;0,032;0,032;
581;580;2;0,064;2;0,032;0,032;0,032;
581;580;5;0,025;2;0,0125;0,012;0,013;
581;582;2;0,084;4;0,021;0,02;0,022;
581;582;4;0,039;2;0,0195;0,019;0,02;
581;582;5;0,021;1;0,021;0,021;0,021;
582;581;5;0,023;2;0,0115;0,011;0,012;
582;583;2;0,042;4;0,0105;0,009;0,012;
582;583;4;0,017;2;0,0085;0,008;0,009;
582;583;5;0,011;1;0,011;0,011;0,011;
583;582;5;0,022;2;0,011;0,011;0,011;
583;584;2;0,036;4;0,009;0,008;0,01;
583;584;4;0,02;2;0,01;0,01;0,01;
583;584;5;0,01;1;0,01;0,01;0,01;
584;583;5;0,024;2;0,012;0,012;0,012;
584;585;2;0,039;4;0,00975;0,009;0,01;
584;585;4;0,016;2;0,008;0,007;0,009;
584;585;5;0,009;1;0,009;0,009;0,009;
585;584;5;0,022;2;0,011;0,011;0,011;
585;586;2;0,032;4;0,008;0,008;0,008;
585;586;4;0,016;2;0,008;0,008;0,008;
585;586;5;0,009;1;0,009;0,009;0,009;
586;585;5;0,022;2;0,011;0,011;0,011;
586;587;2;0,276;4;0,069;0,01;0,244;
586;587;4;0,02;2;0,01;0,009;0,011;
586;587;5;0,01;1;0,01;0,01;0,01;
586;600;2;0,045;3;0,015;0,014;0,016;
586;600;4;0,015;1;0,015;0,015;0,015;
587;438;2;0,041;4;0,01025;0,009;0,012;
587;438;4;0,022;2;0,011;0,01;0,012;
587;438;5;0,01;1;0,01;0,01;0,01;
587;586;5;0,044;2;0,022;0,022;0,022;
587;601;4;0,015;1;0,015;0,015;0,015;
588;571;2;0,028;2;0,014;0,014;0,014;
588;1101;2;0,028;1;0,028;0,028;0,028;
588;1102;2;0,031;1;0,031;0,031;0,031;
588;1103;2;0,194;3;0,06467;0,025;0,127;
588;1126;2;0,124;1;0,124;0,124;0,124;
589;570;2;0,062;4;0,0155;0,014;0,018;
589;570;4;0,063;4;0,01575;0,014;0,017;
589;570;5;0,487;1;0,487;0,487;0,487;
589;570;6;0,048;2;0,024;0,015;0,033;
589;1106;2;0,072;4;0,018;0,017;0,021;
589;1106;4;0,047;4;0,01175;0,009;0,018;
589;1106;6;0,018;1;0,018;0,018;0,018;
590;569;2;0,114;7;0,01629;0,013;0,02;
590;1111;2;0,165;9;0,01833;0,01;0,049;
590;1112;2;0,022;1;0,022;0,022;0,022;
591;568;2;0,158;5;0,0316;0,016;0,086;
591;568;4;0,038;1;0,038;0,038;0,038;
591;1116;2;0,08;5;0,016;0,01;0,034;
591;1116;4;0,017;1;0,017;0,017;0,017;
591;1117;2;0,021;1;0,021;0,021;0,021;
593;566;2;0,016;1;0,016;0,016;0,016;
600;586;2;5,746;42;0,13681;0;5,211;
600;586;4;0,19;12;0,01583;0;0,163;
601;587;4;0,144;11;0,01309;0;0,117;
1001;1002;2;0,045;2;0,0225;0,01;0,035;
1101;588;2;0,038;4;0,0095;0,003;0,022;
1101;1102;2;0,015;1;0,015;0,015;0,015;
1102;1101;2;0,117;3;0,039;0,008;0,074;
1102;1103;2;0,006;1;0,006;0,006;0,006;
1103;1102;2;0,919;12;0,07658;0;0,681;
1103;1104;2;0,009;1;0,009;0,009;0,009;
1104;1103;2;0,038;1;0,038;0,038;0,038;
1104;1105;2;0,009;1;0,009;0,009;0,009;
1105;1104;2;0,044;3;0,01467;0;0,025;
1106;589;2;0,506;22;0,023;0;0,472;
1106;589;4;0,042;4;0,0105;0,008;0,018;
1106;589;6;0,031;2;0,0155;0,009;0,022;
1106;1107;2;0,047;3;0,01567;0,015;0,016;
1106;1107;4;0,077;4;0,01925;0,015;0,029;
1106;1107;6;0,016;1;0,016;0,016;0,016;
1106;1108;2;0,005;1;0,005;0,005;0,005;
1107;1106;2;0,035;4;0,00875;0,008;0,009;
1107;1106;4;0,059;4;0,01475;0,008;0,03;
1107;1106;6;0,031;2;0,0155;0,01;0,021;
1107;1108;2;0,022;3;0,00733;0,006;0,008;
1107;1108;4;0,024;3;0,008;0,008;0,008;
1107;1108;6;0,009;1;0,009;0,009;0,009;
1107;1109;4;0,005;1;0,005;0,005;0,005;
1108;1107;2;0,112;43;0,0026;0;0,074;
1108;1107;4;0,519;8;0,06488;0;0,315;
1108;1107;6;0,081;2;0,0405;0,019;0,062;
1108;1109;2;0,054;4;0,0135;0,008;0,029;
1108;1109;4;0,008;1;0,008;0,008;0,008;
1108;1109;6;0,008;1;0,008;0,008;0,008;
1109;1108;2;0,166;70;0,00237;0;0,091;
1109;1108;4;0,063;4;0,01575;0;0,032;
1109;1108;6;0,066;4;0,0165;0;0,025;
1109;1110;2;0,026;3;0,00867;0,008;0,009;
1109;1110;4;0,008;1;0,008;0,008;0,008;
1110;1109;2;0,136;9;0,01511;0;0,029;
1110;1109;4;0,048;3;0,016;0,001;0,024;
1110;1109;6;0,492;6;0,082;0;0,469;
1111;590;2;0,346;12;0,02883;0,001;0,124;
1111;1112;2;0,095;6;0,01583;0,014;0,017;
1112;1111;2;0,151;9;0,01678;0;0,069;
1112;1113;2;0,021;5;0,0042;0,002;0,006;
1113;1112;2;0,211;23;0,00917;0;0,079;
1113;1114;2;0,032;4;0,008;0,005;0,01;
1114;1113;2;0,093;6;0,0155;0;0,022;
1114;1115;2;0,022;2;0,011;0,011;0,011;
1115;1114;2;4,756;6;0,79267;0;4,69;
1116;591;2;0,106;8;0,01325;0,001;0,038;
1116;591;4;0,048;3;0,016;0;0,024;
1116;1117;2;0,063;4;0,01575;0,013;0,019;
1117;1116;2;1,094;7;0,15629;0;0,953;
1117;1118;2;0,02;3;0,00667;0,005;0,008;
1118;1117;2;0,329;5;0,0658;0;0,26;
1118;1119;2;0,017;2;0,0085;0,007;0,01;
1119;1118;2;0,145;4;0,03625;0;0,108;
1119;1120;2;0,008;1;0,008;0,008;0,008;
1120;1119;2;0,045;3;0,015;0;0,025;
1126;593;2;1,084;2450;0,00044;0;0,315;
1280;541;4;0,022;1;0,022;0,022;0,022;
1280;1281;4;0,012;1;0,012;0,012;0,012;
1281;1280;4;0,049;1;0,049;0,049;0,049;
1501;153;4;0,007;1;0,007;0,007;0,007;
1501;321;4;0,097;2;0,0485;0,006;0,091;
1501;1502;4;0,034;2;0,017;0,017;0,017;
1502;1501;4;0,025;2;0,0125;0,012;0,013;
1502;1503;4;0,014;2;0,007;0,004;0,01;
1503;1501;4;0,053;3;0,01767;0,001;0,031;
1503;1502;4;0,106;5;0,0212;0;0,052;
1561;325;5;0,01;1;0,01;0,01;0,01;
1561;1562;4;0,013;1;0,013;0,013;0,013;
1562;1561;5;0,008;1;0,008;0,008;0,008;
1562;1563;4;0,008;1;0,008;0,008;0,008;
1563;1562;5;0,008;1;0,008;0,008;0,008;
1563;1564;4;0,007;1;0,007;0,007;0,007;
1564;1563;5;0,015;1;0,015;0,015;0,015;
1564;1565;4;0,008;1;0,008;0,008;0,008;
1565;1564;5;0,104;1;0,104;0,104;0,104;
1565;1566;4;0,01;1;0,01;0,01;0,01;
1566;1565;5;0,008;1;0,008;0,008;0,008;
1566;1567;4;0,008;1;0,008;0,008;0,008;
1567;1566;5;0,009;1;0,009;0,009;0,009;
1567;1568;4;0,005;1;0,005;0,005;0,005;
1568;1567;5;0,033;1;0,033;0,033;0,033;
1568;1569;4;0,01;1;0,01;0,01;0,01;
1569;1568;5;0,553;40;0,01383;0;0,54;
1569;1570;4;0,009;1;0,009;0,009;0,009;
1570;1571;4;0,006;1;0,006;0,006;0,006;
1571;1572;4;0,01;1;0,01;0,01;0,01;
1572;1573;4;0,008;1;0,008;0,008;0,008;
1573;1574;4;0,008;1;0,008;0,008;0,008;
1574;1575;4;0,005;1;0,005;0,005;0,005;
1575;1574;4;0,222;1;0,222;0,222;0,222;
1726;338;5;0,06;1;0,06;0,06;0,06;
1727;1726;5;0,474;1;0,474;0,474;0,474;
